USE vitalapp;

-- Insertar 80 doctores ficticios
INSERT INTO users (
  user_id,
  email,
  username,
  password,
  role,
  validation_code,
  recovery_code,
  first_name,
  last_name,
  first_surname,
  last_surname,
  created_at,
  updated_at,
  is_active
)
VALUES
('1d465373-1b81-11ef-81b7-cc4740d2023b', 'adriano@gmail.com', 'Adrianuss', 'Aa123123.', 'doctor', '', '', 'Adriano', '', 'Pérez', '', NOW(), NOW(), TRUE),
('1d465c31-1b81-11ef-81b7-cc4740d2023b', 'yaguito@gmail.com', 'Yagocv', 'Aa123123.', 'doctor', '', '', 'Yago', '', 'Fernández', '', NOW(), NOW(), TRUE),
('1d465f88-1b81-11ef-81b7-cc4740d2023b', 'adry@gmail.com', 'Adriánaa', 'Aa123123.', 'doctor', '', '', 'Adrián', '', 'López', '', NOW(), NOW(), TRUE),
('1d4660e9-1b81-11ef-81b7-cc4740d2023b', 'martinsin@gmail.com', 'Martíncv', 'Aa123123.', 'doctor', '', '', 'Martín', '', 'Castro', '', NOW(), NOW(), TRUE),
('1d466255-1b81-11ef-81b7-cc4740d2023b', 'marianillo@gmail.com', 'Marianocv', 'Aa123123.', 'doctor', '', '', 'Mariano', '', 'Carnevale', '', NOW(), NOW(), TRUE),
('1d46639c-1b81-11ef-81b7-cc4740d2023b', 'adrianAC@gmail.com', 'Adriáncvc', 'Aa123123.', 'doctor', '', '', 'Adrián', '', 'Acuña', '', NOW(), NOW(), TRUE),
('1d4664d9-1b81-11ef-81b7-cc4740d2023b', 'yogesh@gmail.com', 'Yogeshcvc', 'Aa123123.', 'doctor', '', '', 'Yogesh', '', 'Samtani', '', NOW(), NOW(), TRUE),
('1d46661e-1b81-11ef-81b7-cc4740d2023b', 'martin@gmail.com', 'Martívccv', 'Aa123123.', 'doctor', '', '', 'Martí', '', 'Boles', '', NOW(), NOW(), TRUE),
('1d46676e-1b81-11ef-81b7-cc4740d2023b', 'adrianLPZ@gmail.com', 'Adrivccv', 'Aa123123.', 'doctor', '', '', 'Adri', '', 'Márquez', '', NOW(), NOW(), TRUE),
('1d4668ba-1b81-11ef-81b7-cc4740d2023b', 'martaCF@gmail.com', 'Martafg', 'Aa123123.', 'doctor', '', '', 'Marta', '', 'Gómez', '', NOW(), NOW(), TRUE),
('1d4669ff-1b81-11ef-81b7-cc4740d2023b', 'luciaAS@gmail.com', 'Lucíafg', 'Aa123123.', 'doctor', '', '', 'Lucía', '', 'Giraldez', '', NOW(), NOW(), TRUE),
('1d466b3f-1b81-11ef-81b7-cc4740d2023b', 'robertoFH@gmail.com', 'Robertohj', 'Aa123123.', 'doctor', '', '', 'Roberto', '', 'Toreto', '', NOW(), NOW(), TRUE),
('1d466c8d-1b81-11ef-81b7-cc4740d2023b', 'davidFJ@gmail.com', 'Davidyt', 'Aa123123.', 'doctor', '', '', 'David', '', 'Ferrari', '', NOW(), NOW(), TRUE),
('1d466dc9-1b81-11ef-81b7-cc4740d2023b', 'purecream12@gmail.com', 'Craigty', 'Aa123123.', 'doctor', '', '', 'Bernardinho', '', 'Neymar', '', NOW(), NOW(), TRUE),
('1d466f57-1b81-11ef-81b7-cc4740d2023b', 'albertCS@gmail.com', 'Albertyt', 'Aa123123.', 'doctor', '', '', 'Albert', '', 'Gaucho', '', NOW(), NOW(), TRUE),
('1d467095-1b81-11ef-81b7-cc4740d2023b', 'adanPF@gmail.com', 'Adanyt', 'Aa123123.', 'doctor', '', '', 'Adan', '', 'Yeva', '', NOW(), NOW(), TRUE),
('1d4671d1-1b81-11ef-81b7-cc4740d2023b', 'marinaPG@gmail.com', 'Marinaty', 'Aa123123.', 'doctor', '', '', 'Marina', '', 'Dhor', '', NOW(), NOW(), TRUE),
('1d46734e-1b81-11ef-81b7-cc4740d2023b', 'luisaHF@gmail.com', 'Luisatt', 'Aa123123.', 'doctor', '', '', 'Luisa', '', 'Pineda', '', NOW(), NOW(), TRUE),
('1d46748c-1b81-11ef-81b7-cc4740d2023b', 'maribel23@gmail.com', 'Maribeltt', 'Aa123123.', 'doctor', '', '', 'Maribel', '', 'Beltrán', '', NOW(), NOW(), TRUE),
('1d467692-1b81-11ef-81b7-cc4740d2023b', 'martitaL3H@gmail.com', 'Martayy', 'Aa123123.', 'doctor', '', '', 'Marta', '', 'Noblejas', '', NOW(), NOW(), TRUE),
('1d4677ed-1b81-11ef-81b7-cc4740d2023b', 'manuFF@gmail.com', 'Manuuuu', 'Aa123123.', 'doctor', '', '', 'Manu', '', 'Nolan', '', NOW(), NOW(), TRUE),
('1d467930-1b81-11ef-81b7-cc4740d2023b', 'martinesky@gmail.com', 'Martiniia', 'Aa123123.', 'doctor', '', '', 'Martina', '', 'Chapote', '', NOW(), NOW(), TRUE),
('1d467a78-1b81-11ef-81b7-cc4740d2023b', 'anaDAS@gmail.com', 'Anacv', 'Aa123123.', 'doctor', '', '', 'Ana', '', 'Cortinas', '', NOW(), NOW(), TRUE),
('1d467bf8-1b81-11ef-81b7-cc4740d2023b', 'pamelaHT@gmail.com', 'Pamelac', 'Aa123123.', 'doctor', '', '', 'Pamela', '', 'Puertas', '', NOW(), NOW(), TRUE),
('1d467f75-1b81-11ef-81b7-cc4740d2023b', 'eduardoFG@gmail.com', 'Eduardo', 'Aa123123.', 'doctor', '', '', 'Eduardo', '', 'Cabrera', '', NOW(), NOW(), TRUE),
('1d4685a6-1b81-11ef-81b7-cc4740d2023b', 'carmenCC@gmail.com', 'Carmen', 'Aa123123.', 'doctor', '', '', 'Carmen', '', 'Reina', '', NOW(), NOW(), TRUE),
('1d468a75-1b81-11ef-81b7-cc4740d2023b', 'patriciaPG@gmail.com', 'Patricia', 'Aa123123.', 'doctor', '', '', 'Patricia', '', 'Rubio', '', NOW(), NOW(), TRUE),
('1d468f99-1b81-11ef-81b7-cc4740d2023b', 'tolomeoJH@gmail.com', 'Tolomeo', 'Aa123123.', 'doctor', '', '', 'Tolomeo', '', 'Stark', '', NOW(), NOW(), TRUE),
('1d469360-1b81-11ef-81b7-cc4740d2023b', 'gervasioSH@gmail.com', 'Gervasio', 'Aa123123.', 'doctor', '', '', 'Gervasio', '', 'Sánchez', '', NOW(), NOW(), TRUE),
('1d469cf1-1b81-11ef-81b7-cc4740d2023b', 'maria12DF@gmail.com', 'María', 'Aa123123.', 'doctor', '', '', 'María', '', 'Lanister', '', NOW(), NOW(), TRUE),
('1d469fdf-1b81-11ef-81b7-cc4740d2023b', 'laverde@gmail.com', 'Eva', 'Aa123123.', 'doctor', '', '', 'Eva', '', 'Noblejas', '', NOW(), NOW(), TRUE),
('1d46a214-1b81-11ef-81b7-cc4740d2023b', 'lamarron@gmail.com', 'Marilolituss', 'Aa123123.', 'doctor', '', '', 'Mariloli', '', 'Nolan', '', NOW(), NOW(), TRUE),
('1d46a3ad-1b81-11ef-81b7-cc4740d2023b', 'lablanca@gmail.com', 'Paquitiaiaa', 'Aa123123.', 'doctor', '', '', 'Paquita', '', 'Chapote', '', NOW(), NOW(), TRUE),
('1d46a651-1b81-11ef-81b7-cc4740d2023b', 'lachoni@gmail.com', 'Anabel', 'Aa123123.', 'doctor', '', '', 'Anabel', '', 'Cortinas', '', NOW(), NOW(), TRUE),
('1d46a839-1b81-11ef-81b7-cc4740d2023b', 'lasetas@gmail.com', 'Alonso', 'Aa123123.', 'doctor', '', '', 'Alonso', '', 'Puertas', '', NOW(), NOW(), TRUE),
('1d46aa11-1b81-11ef-81b7-cc4740d2023b', 'lanaty@gmail.com', 'Dolores', 'Aa123123.', 'doctor', '', '', 'Dolores', '', 'Cabrera', '', NOW(), NOW(), TRUE),
('1d46ab9b-1b81-11ef-81b7-cc4740d2023b', 'lagrati@gmail.com', 'Purificación', 'Aa123123.', 'doctor', '', '', 'Purificación', '', 'Reina', '', NOW(), NOW(), TRUE),
('1d46ad4d-1b81-11ef-81b7-cc4740d2023b', 'jeloudaPG@gmail.com', 'Abelardo', 'Aa123123.', 'doctor', '', '', 'Abelardo', '', 'Rubio', '', NOW(), NOW(), TRUE),
('1d46b246-1b81-11ef-81b7-cc4740d2023b', 'jejejeje@gmail.com', 'Tina', 'Aa123123.', 'doctor', '', '', 'Tina', '', 'Stark', '', NOW(), NOW(), TRUE),
('1d46b41b-1b81-11ef-81b7-cc4740d2023b', 'manolita@gmail.com', 'Hilario', 'Aa123123.', 'doctor', '', '', 'Hilario', '', 'Sánchez', '', NOW(), NOW(), TRUE),
('1d46b5d8-1b81-11ef-81b7-cc4740d2023b', 'chikitriski@gmail.com', 'Esperanza', 'Aa123123.', 'doctor', '', '', 'Esperanza', '', 'Lanister', '', NOW(), NOW(), TRUE),
('1d46b790-1b81-11ef-81b7-cc4740d2023b', 'albertoAX@gmail.com', 'Adrianoss', 'Aa123123.', 'doctor', '', '', 'Adelardo', '', 'Pérez', '', NOW(), NOW(), TRUE),
('1d46b92e-1b81-11ef-81b7-cc4740d2023b', 'yaguiyagui@gmail.com', 'Yagoss', 'Aa123123.', 'doctor', '', '', 'Manuel', '', 'Fernández', '', NOW(), NOW(), TRUE),
('1d46bac4-1b81-11ef-81b7-cc4740d2023b', 'alejandroGG@gmail.com', 'Adrianss', 'Aa123123.', 'doctor', '', '', 'Joselito', '', 'López', '', NOW(), NOW(), TRUE),
('1d46bcc8-1b81-11ef-81b7-cc4740d2023b', 'angelBJ@gmail.com', 'Martínss', 'Aa123123.', 'doctor', '', '', 'Noel', '', 'Castro', '', NOW(), NOW(), TRUE),
('1d46be64-1b81-11ef-81b7-cc4740d2023b', 'amadorHZ@gmail.com', 'Marianoss', 'Aa123123.', 'doctor', '', '', 'León', '', 'Carnevale', '', NOW(), NOW(), TRUE),
('1d46bff8-1b81-11ef-81b7-cc4740d2023b', 'noelLN@gmail.com', 'Adriánaaass', 'Aa123123.', 'doctor', '', '', 'Ángel', '', 'Acuña', '', NOW(), NOW(), TRUE),
('1d46c18f-1b81-11ef-81b7-cc4740d2023b', 'leonCK@gmail.com', 'Yogeshss', 'Aa123123.', 'doctor', '', '', 'Amador', '', 'Samtani', '', NOW(), NOW(), TRUE),
('1d46c325-1b81-11ef-81b7-cc4740d2023b', 'dianaDN@gmail.com', 'Martíss', 'Aa123123.', 'doctor', '', '', 'Alberto', '', 'Boles', '', NOW(), NOW(), TRUE),
('1d46c449-1b81-11ef-81b7-cc4740d2023b', 'margaritaIJ@gmail.com', 'Adriss', 'Aa123123.', 'doctor', '', '', 'Abdul', '', 'Márquez', '', NOW(), NOW(), TRUE),
('1d46c5e8-1b81-11ef-81b7-cc4740d2023b', 'morganaMQ@gmail.com', 'Martass', 'Aa123123.', 'doctor', '', '', 'María', '', 'Gómez', '', NOW(), NOW(), TRUE),
('1d46c772-1b81-11ef-81b7-cc4740d2023b', 'emilioGC@gmail.com', 'Lucíass', 'Aa123123.', 'doctor', '', '', 'Anastasia', '', 'Giraldez', '', NOW(), NOW(), TRUE),
('1d46c946-1b81-11ef-81b7-cc4740d2023b', 'ramonER@gmail.com', 'Robertoss', 'Aa123123.', 'doctor', '', '', 'Baldomero', '', 'Toreto', '', NOW(), NOW(), TRUE),
('1d46cb19-1b81-11ef-81b7-cc4740d2023b', 'antonioNW@gmail.com', 'Davidss', 'Aa123123.', 'doctor', '', '', 'Rubén', '', 'Ferrari', '', NOW(), NOW(), TRUE),
('1d46cddb-1b81-11ef-81b7-cc4740d2023b', 'darioCP@gmail.com', 'Craigss', 'Aa123123.', 'doctor', '', '', 'Zoraida', '', 'Neymar', '', NOW(), NOW(), TRUE),
('1d46cf6b-1b81-11ef-81b7-cc4740d2023b', 'baldomeroRE@gmail.com', 'Albertsss', 'Aa123123.', 'doctor', '', '', 'Anabel', '', 'Gaucho', '', NOW(), NOW(), TRUE),
('1d46d10d-1b81-11ef-81b7-cc4740d2023b', 'mariadelaO@gmail.com', 'Adanss', 'Aa123123.', 'doctor', '', '', 'Darío', '', 'Yeva', '', NOW(), NOW(), TRUE),
('1d46d261-1b81-11ef-81b7-cc4740d2023b', 'emmanuelFG@gmail.com', 'Marinass', 'Aa123123.', 'doctor', '', '', 'Emmanuel', '', 'Dhor', '', NOW(), NOW(), TRUE),
('1d46d451-1b81-11ef-81b7-cc4740d2023b', 'andresBK@gmail.com', 'Luisass', 'Aa123123.', 'doctor', '', '', 'Andrés', '', 'Pineda', '', NOW(), NOW(), TRUE),
('1d46d5af-1b81-11ef-81b7-cc4740d2023b', 'patriciaES@gmail.com', 'Maribels', 'Aa123123.', 'doctor', '', '', 'Patri', '', 'Beltrán', '', NOW(), NOW(), TRUE),
('1d46d700-1b81-11ef-81b7-cc4740d2023b', 'anacletoMG@gmail.com', 'Martaaxcvs', 'Aa123123.', 'doctor', '', '', 'Anacleto', '', 'Noblejas', '', NOW(), NOW(), TRUE),
('1d46d869-1b81-11ef-81b7-cc4740d2023b', 'lauraCR@gmail.com', 'Manusdasdfsss', 'Aa123123.', 'doctor', '', '', 'Laura', '', 'Nolan', '', NOW(), NOW(), TRUE),
('1d46d9cc-1b81-11ef-81b7-cc4740d2023b', 'pedroPS@gmail.com', 'Martinassdssdfss', 'Aa123123.', 'doctor', '', '', 'Pedro', '', 'Chapote', '', NOW(), NOW(), TRUE),
('1d46db20-1b81-11ef-81b7-cc4740d2023b', 'oscarLM@gmail.com', 'Anaa', 'Aa123123.', 'doctor', '', '', 'Óscar', '', 'Cortinas', '', NOW(), NOW(), TRUE),
('1d46dcaf-1b81-11ef-81b7-cc4740d2023b', 'sofiaPV@gmail.com', 'Pamelas', 'Aa123123.', 'doctor', '', '', 'Sofía', '', 'Puertas', '', NOW(), NOW(), TRUE),
('1d46deac-1b81-11ef-81b7-cc4740d2023b', 'brandomSS@gmail.com', 'Eduardoas', 'Aa123123.', 'doctor', '', '', 'Brandom', '', 'Cabrera', '', NOW(), NOW(), TRUE),
('1d46dff4-1b81-11ef-81b7-cc4740d2023b', 'marianoVG@gmail.com', 'Carmensa', 'Aa123123.', 'doctor', '', '', 'Mario', '', 'Reina', '', NOW(), NOW(), TRUE),
('1d46e149-1b81-11ef-81b7-cc4740d2023b', 'josePd@gmail.com', 'Patriciassssas', 'Aa123123.', 'doctor', '', '', 'José', '', 'Rubio', '', NOW(), NOW(), TRUE),
('1d46e29a-1b81-11ef-81b7-cc4740d2023b', 'hernanditoSC@gmail.com', 'Tolomoss', 'Aa123123.', 'doctor', '', '', 'Hernando', '', 'Stark', '', NOW(), NOW(), TRUE),
('1d46e3fd-1b81-11ef-81b7-cc4740d2023b', 'juan@gmail.com', 'Gervasioazz', 'Aa123123.', 'doctor', '', '', 'Juan', '', 'Sánchez', '', NOW(), NOW(), TRUE),
('1d46e558-1b81-11ef-81b7-cc4740d2023b', 'claraLFg@gmail.com', 'Maríazzz', 'Aa123123.', 'doctor', '', '', 'Clara', '', 'Lanister', '', NOW(), NOW(), TRUE),
('1d46e6ac-1b81-11ef-81b7-cc4740d2023b', 'lorenaCBd@gmail.com', 'Evazzz', 'Aa123123.', 'doctor', '', '', 'Lorena', '', 'Noblejas', '', NOW(), NOW(), TRUE),
('1d46e936-1b81-11ef-81b7-cc4740d2023b', 'juanluGGm@gmail.com', 'Mariloli', 'Aa123123.', 'doctor', '', '', 'Luis', '', 'Nolan', '', NOW(), NOW(), TRUE),
('1d46eb53-1b81-11ef-81b7-cc4740d2023b', 'anuelAA@gmail.com', 'Paquitadd', 'Aa123123.', 'doctor', '', '', 'Manuel', '', 'Chapote', '', NOW(), NOW(), TRUE),
('1d46ed36-1b81-11ef-81b7-cc4740d2023b', 'taniaCL@gmail.com', 'Anabeldd', 'Aa123123.', 'doctor', '', '', 'Tania', '', 'Cortinas', '', NOW(), NOW(), TRUE),
('1d46f2ea-1b81-11ef-81b7-cc4740d2023b', 'joseTF@gmail.com', 'Alonsodd', 'Aa123123.', 'doctor', '', '', 'Jose', '', 'Puertas', '', NOW(), NOW(), TRUE),
('1d46f5ba-1b81-11ef-81b7-cc4740d2023b', 'luisGH@gmail.com', 'Dolorescc', 'Aa123123.', 'doctor', '', '', 'Marina', '', 'Cabrera', '', NOW(), NOW(), TRUE),
('1d46f838-1b81-11ef-81b7-cc4740d2023b', 'ramonPC@gmail.com', 'Purificaciónvv', 'Aa123123.', 'doctor', '', '', 'Ramón', '', 'Reina', '', NOW(), NOW(), TRUE),
('1d46f9f7-1b81-11ef-81b7-cc4740d2023b', 'aaronBN@gmail.com', 'Abelardovv', 'Aa123123.', 'doctor', '', '', 'Aarón', '', 'Rubio', '', NOW(), NOW(), TRUE),
('1d46fb54-1b81-11ef-81b7-cc4740d2023b', 'nicoPC@gmail.com', 'Tinavv', 'Aa123123.', 'doctor', '', '', 'Nicolás', '', 'Stark', '', NOW(), NOW(), TRUE);



INSERT INTO doctors (
  doctor_id,
  user_id,
  doctor_registration_number
)
VALUES
('b8a41118-1b81-11ef-81b7-cc4740d2023b', '1d465373-1b81-11ef-81b7-cc4740d2023b', 'REG001'),
('b8a41599-1b81-11ef-81b7-cc4740d2023b', '1d465c31-1b81-11ef-81b7-cc4740d2023b', 'REG002'),
('b8a4172d-1b81-11ef-81b7-cc4740d2023b', '1d465f88-1b81-11ef-81b7-cc4740d2023b', 'REG003'),
('b8a417c3-1b81-11ef-81b7-cc4740d2023b', '1d4660e9-1b81-11ef-81b7-cc4740d2023b', 'REG004'),
('b8a41860-1b81-11ef-81b7-cc4740d2023b', '1d466255-1b81-11ef-81b7-cc4740d2023b', 'REG005'),
('b8a418e7-1b81-11ef-81b7-cc4740d2023b', '1d46639c-1b81-11ef-81b7-cc4740d2023b', 'REG006'),
('b8a41961-1b81-11ef-81b7-cc4740d2023b', '1d4664d9-1b81-11ef-81b7-cc4740d2023b', 'REG007'),
('b8a41a31-1b81-11ef-81b7-cc4740d2023b', '1d46661e-1b81-11ef-81b7-cc4740d2023b', 'REG008'),
('b8a41ab2-1b81-11ef-81b7-cc4740d2023b', '1d46676e-1b81-11ef-81b7-cc4740d2023b', 'REG009'),
('b8a41b2b-1b81-11ef-81b7-cc4740d2023b', '1d4668ba-1b81-11ef-81b7-cc4740d2023b', 'REG010'),
('b8a41ba3-1b81-11ef-81b7-cc4740d2023b', '1d4669ff-1b81-11ef-81b7-cc4740d2023b', 'REG011'),
('b8a41c1a-1b81-11ef-81b7-cc4740d2023b', '1d466b3f-1b81-11ef-81b7-cc4740d2023b', 'REG012'),
('b8a41cae-1b81-11ef-81b7-cc4740d2023b', '1d466c8d-1b81-11ef-81b7-cc4740d2023b', 'REG013'),
('b8a41e1a-1b81-11ef-81b7-cc4740d2023b', '1d466dc9-1b81-11ef-81b7-cc4740d2023b', 'REG014'),
('b8a41f17-1b81-11ef-81b7-cc4740d2023b', '1d466f57-1b81-11ef-81b7-cc4740d2023b', 'REG015'),
('b8a41f96-1b81-11ef-81b7-cc4740d2023b', '1d467095-1b81-11ef-81b7-cc4740d2023b', 'REG016'),
('b8a4202f-1b81-11ef-81b7-cc4740d2023b', '1d4671d1-1b81-11ef-81b7-cc4740d2023b', 'REG017'),
('b8a420d6-1b81-11ef-81b7-cc4740d2023b', '1d46734e-1b81-11ef-81b7-cc4740d2023b', 'REG018'),
('b8a42178-1b81-11ef-81b7-cc4740d2023b', '1d46748c-1b81-11ef-81b7-cc4740d2023b', 'REG019'),
('b8a42219-1b81-11ef-81b7-cc4740d2023b', '1d467692-1b81-11ef-81b7-cc4740d2023b', 'REG020'),
('b8a42374-1b81-11ef-81b7-cc4740d2023b', '1d4677ed-1b81-11ef-81b7-cc4740d2023b', 'REG021'),
('b8a42417-1b81-11ef-81b7-cc4740d2023b', '1d467930-1b81-11ef-81b7-cc4740d2023b', 'REG022'),
('b8a424ca-1b81-11ef-81b7-cc4740d2023b', '1d467a78-1b81-11ef-81b7-cc4740d2023b', 'REG023'),
('b8a42573-1b81-11ef-81b7-cc4740d2023b', '1d467bf8-1b81-11ef-81b7-cc4740d2023b', 'REG024'),
('b8a425f1-1b81-11ef-81b7-cc4740d2023b', '1d467f75-1b81-11ef-81b7-cc4740d2023b', 'REG025'),
('b8a42686-1b81-11ef-81b7-cc4740d2023b', '1d4685a6-1b81-11ef-81b7-cc4740d2023b', 'REG026'),
('b8a426fe-1b81-11ef-81b7-cc4740d2023b', '1d468a75-1b81-11ef-81b7-cc4740d2023b', 'REG027'),
('b8a4277b-1b81-11ef-81b7-cc4740d2023b', '1d468f99-1b81-11ef-81b7-cc4740d2023b', 'REG028'),
('b8a427f5-1b81-11ef-81b7-cc4740d2023b', '1d469360-1b81-11ef-81b7-cc4740d2023b', 'REG029'),
('b8a42873-1b81-11ef-81b7-cc4740d2023b', '1d469cf1-1b81-11ef-81b7-cc4740d2023b', 'REG030'),
('b8a428f2-1b81-11ef-81b7-cc4740d2023b', '1d469fdf-1b81-11ef-81b7-cc4740d2023b', 'REG031'),
('b8a4296a-1b81-11ef-81b7-cc4740d2023b', '1d46a214-1b81-11ef-81b7-cc4740d2023b', 'REG032'),
('b8a429ef-1b81-11ef-81b7-cc4740d2023b', '1d46a3ad-1b81-11ef-81b7-cc4740d2023b', 'REG033'),
('b8a42a64-1b81-11ef-81b7-cc4740d2023b', '1d46a651-1b81-11ef-81b7-cc4740d2023b', 'REG034'),
('b8a42b30-1b81-11ef-81b7-cc4740d2023b', '1d46a839-1b81-11ef-81b7-cc4740d2023b', 'REG035'),
('b8a42bc3-1b81-11ef-81b7-cc4740d2023b', '1d46748c-1b81-11ef-81b7-cc4740d2023b', 'REG036'),
('b8a42c4a-1b81-11ef-81b7-cc4740d2023b', '1d467692-1b81-11ef-81b7-cc4740d2023b', 'REG037'),
('b8a42cdf-1b81-11ef-81b7-cc4740d2023b', '1d4677ed-1b81-11ef-81b7-cc4740d2023b', 'REG038'),
('b8a42d6e-1b81-11ef-81b7-cc4740d2023b', '1d467930-1b81-11ef-81b7-cc4740d2023b', 'REG039'),
('b8a42e8b-1b81-11ef-81b7-cc4740d2023b', '1d467a78-1b81-11ef-81b7-cc4740d2023b', 'REG040'),
('b8a42f9c-1b81-11ef-81b7-cc4740d2023b', '1d467bf8-1b81-11ef-81b7-cc4740d2023b', 'REG041'),
('b8a4305a-1b81-11ef-81b7-cc4740d2023b', '1d467f75-1b81-11ef-81b7-cc4740d2023b', 'REG042'),
('b8a4310a-1b81-11ef-81b7-cc4740d2023b', '1d4685a6-1b81-11ef-81b7-cc4740d2023b', 'REG043'),
('b8a431c3-1b81-11ef-81b7-cc4740d2023b', '1d468a75-1b81-11ef-81b7-cc4740d2023b', 'REG044'),
('b8a4328a-1b81-11ef-81b7-cc4740d2023b', '1d468f99-1b81-11ef-81b7-cc4740d2023b', 'REG045'),
('b8a4333e-1b81-11ef-81b7-cc4740d2023b', '1d469360-1b81-11ef-81b7-cc4740d2023b', 'REG046'),
('b8a433f9-1b81-11ef-81b7-cc4740d2023b', '1d469cf1-1b81-11ef-81b7-cc4740d2023b', 'REG047'),
('b8a434b1-1b81-11ef-81b7-cc4740d2023b', '1d469fdf-1b81-11ef-81b7-cc4740d2023b', 'REG048'),
('b8a43578-1b81-11ef-81b7-cc4740d2023b', '1d46a214-1b81-11ef-81b7-cc4740d2023b', 'REG049'),
('b8a4364e-1b81-11ef-81b7-cc4740d2023b', '1d46a3ad-1b81-11ef-81b7-cc4740d2023b', 'REG050'),
('b8a4373a-1b81-11ef-81b7-cc4740d2023b', '1d46a651-1b81-11ef-81b7-cc4740d2023b', 'REG051'),
('b8a43802-1b81-11ef-81b7-cc4740d2023b', '1d46a839-1b81-11ef-81b7-cc4740d2023b', 'REG052'),
('b8a438ec-1b81-11ef-81b7-cc4740d2023b', '1d46aa11-1b81-11ef-81b7-cc4740d2023b', 'REG053'),
('b8a439a7-1b81-11ef-81b7-cc4740d2023b', '1d46ab9b-1b81-11ef-81b7-cc4740d2023b', 'REG054'),
('b8a43a5f-1b81-11ef-81b7-cc4740d2023b', '1d46ad4d-1b81-11ef-81b7-cc4740d2023b', 'REG055'),
('b8a43b26-1b81-11ef-81b7-cc4740d2023b', '1d46b246-1b81-11ef-81b7-cc4740d2023b', 'REG056'),
('b8a43be7-1b81-11ef-81b7-cc4740d2023b', '1d46b41b-1b81-11ef-81b7-cc4740d2023b', 'REG057'),
('b8a43c98-1b81-11ef-81b7-cc4740d2023b', '1d46b5d8-1b81-11ef-81b7-cc4740d2023b', 'REG058'),
('b8a43d40-1b81-11ef-81b7-cc4740d2023b', '1d46b790-1b81-11ef-81b7-cc4740d2023b', 'REG059'),
('b8a43dfe-1b81-11ef-81b7-cc4740d2023b', '1d46b92e-1b81-11ef-81b7-cc4740d2023b', 'REG060'),
('b8a43f10-1b81-11ef-81b7-cc4740d2023b', '1d46bac4-1b81-11ef-81b7-cc4740d2023b', 'REG061'),
('b8a43f99-1b81-11ef-81b7-cc4740d2023b', '1d46bcc8-1b81-11ef-81b7-cc4740d2023b', 'REG062'),
('b8a4401c-1b81-11ef-81b7-cc4740d2023b', '1d46be64-1b81-11ef-81b7-cc4740d2023b', 'REG063'),
('b8a44098-1b81-11ef-81b7-cc4740d2023b', '1d46bff8-1b81-11ef-81b7-cc4740d2023b', 'REG064'),
('b8a4411d-1b81-11ef-81b7-cc4740d2023b', '1d46c18f-1b81-11ef-81b7-cc4740d2023b', 'REG065'),
('b8a441f0-1b81-11ef-81b7-cc4740d2023b', '1d46c325-1b81-11ef-81b7-cc4740d2023b', 'REG066'),
('b8a442cf-1b81-11ef-81b7-cc4740d2023b', '1d46c449-1b81-11ef-81b7-cc4740d2023b', 'REG067'),
('b8a4434b-1b81-11ef-81b7-cc4740d2023b', '1d46c5e8-1b81-11ef-81b7-cc4740d2023b', 'REG068'),
('b8a443c8-1b81-11ef-81b7-cc4740d2023b', '1d46c772-1b81-11ef-81b7-cc4740d2023b', 'REG069'),
('b8a44441-1b81-11ef-81b7-cc4740d2023b', '1d46c946-1b81-11ef-81b7-cc4740d2023b', 'REG070'),
('b8a444b8-1b81-11ef-81b7-cc4740d2023b', '1d46cb19-1b81-11ef-81b7-cc4740d2023b', 'REG071'),
('b8a44537-1b81-11ef-81b7-cc4740d2023b', '1d46cddb-1b81-11ef-81b7-cc4740d2023b', 'REG072'),
('b8a445b7-1b81-11ef-81b7-cc4740d2023b', '1d46cf6b-1b81-11ef-81b7-cc4740d2023b', 'REG073'),
('b8a44630-1b81-11ef-81b7-cc4740d2023b', '1d46d10d-1b81-11ef-81b7-cc4740d2023b', 'REG074'),
('b8a446c5-1b81-11ef-81b7-cc4740d2023b', '1d46d261-1b81-11ef-81b7-cc4740d2023b', 'REG075'),
('b8a44741-1b81-11ef-81b7-cc4740d2023b', '1d46d451-1b81-11ef-81b7-cc4740d2023b', 'REG076'),
('b8a447bf-1b81-11ef-81b7-cc4740d2023b', '1d46d5af-1b81-11ef-81b7-cc4740d2023b', 'REG077'),
('b8a44839-1b81-11ef-81b7-cc4740d2023b', '1d46d700-1b81-11ef-81b7-cc4740d2023b', 'REG078'),
('b8a448b1-1b81-11ef-81b7-cc4740d2023b', '1d46d869-1b81-11ef-81b7-cc4740d2023b', 'REG079'),
('b8a44929-1b81-11ef-81b7-cc4740d2023b', '1d46d9cc-1b81-11ef-81b7-cc4740d2023b', 'REG080');


INSERT INTO doctors_disciplines (
  doctor_id,
  discipline_id,
  experience
)
VALUES
('b8a41118-1b81-11ef-81b7-cc4740d2023b', '1', '2019-05-26'),
('b8a41599-1b81-11ef-81b7-cc4740d2023b', '2', '2018-05-26'),
('b8a4172d-1b81-11ef-81b7-cc4740d2023b', '3', '2017-05-26'),
('b8a417c3-1b81-11ef-81b7-cc4740d2023b', '4', '2016-05-26'),
('b8a41860-1b81-11ef-81b7-cc4740d2023b', '5', '2015-05-26'),
('b8a418e7-1b81-11ef-81b7-cc4740d2023b', '6', '2014-05-26'),
('b8a41961-1b81-11ef-81b7-cc4740d2023b', '7', '2013-05-26'),
('b8a41a31-1b81-11ef-81b7-cc4740d2023b', '8', '2012-05-26'),
('b8a41ab2-1b81-11ef-81b7-cc4740d2023b', '9', '2011-05-26'),
('b8a41b2b-1b81-11ef-81b7-cc4740d2023b', '10', '2010-05-26'),
('b8a41ba3-1b81-11ef-81b7-cc4740d2023b', '11', '2009-05-26'),
('b8a41c1a-1b81-11ef-81b7-cc4740d2023b', '12', '2008-05-26'),
('b8a41cae-1b81-11ef-81b7-cc4740d2023b', '13', '2007-05-26'),
('b8a41e1a-1b81-11ef-81b7-cc4740d2023b', '14', '2006-05-26'),
('b8a41f17-1b81-11ef-81b7-cc4740d2023b', '15', '2005-05-26'),
('b8a41f96-1b81-11ef-81b7-cc4740d2023b', '16', '2004-05-26'),
('b8a4202f-1b81-11ef-81b7-cc4740d2023b', '17', '2003-05-26'),
('b8a420d6-1b81-11ef-81b7-cc4740d2023b', '18', '2002-05-26'),
('b8a42178-1b81-11ef-81b7-cc4740d2023b', '19', '2001-05-26'),
('b8a42219-1b81-11ef-81b7-cc4740d2023b', '20', '2000-05-26'),
('b8a42374-1b81-11ef-81b7-cc4740d2023b', '21', '1999-05-26'),
('b8a42417-1b81-11ef-81b7-cc4740d2023b', '22', '1998-05-26'),
('b8a424ca-1b81-11ef-81b7-cc4740d2023b', '23', '1997-05-26'),
('b8a42573-1b81-11ef-81b7-cc4740d2023b', '24', '1996-05-26'),
('b8a425f1-1b81-11ef-81b7-cc4740d2023b', '25', '1995-05-26'),
('b8a42686-1b81-11ef-81b7-cc4740d2023b', '26', '1994-05-26'),
('b8a426fe-1b81-11ef-81b7-cc4740d2023b', '27', '1993-05-26'),
('b8a4277b-1b81-11ef-81b7-cc4740d2023b', '28', '1992-05-26'),
('b8a427f5-1b81-11ef-81b7-cc4740d2023b', '29', '1991-05-26'),
('b8a42873-1b81-11ef-81b7-cc4740d2023b', '30', '1990-05-26'),
('b8a428f2-1b81-11ef-81b7-cc4740d2023b', '31', '1989-05-26'),
('b8a4296a-1b81-11ef-81b7-cc4740d2023b', '32', '1988-05-26'),
('b8a429ef-1b81-11ef-81b7-cc4740d2023b', '33', '1987-05-26'),
('b8a42a64-1b81-11ef-81b7-cc4740d2023b', '34', '1986-05-26'),
('b8a42b30-1b81-11ef-81b7-cc4740d2023b', '35', '1985-05-26'),
('b8a42bc3-1b81-11ef-81b7-cc4740d2023b', '36', '1984-05-26'),
('b8a42c4a-1b81-11ef-81b7-cc4740d2023b', '37', '1983-05-26'),
('b8a42cdf-1b81-11ef-81b7-cc4740d2023b', '38', '1982-05-26'),
('b8a42d6e-1b81-11ef-81b7-cc4740d2023b', '39', '1981-05-26'),
('b8a42e8b-1b81-11ef-81b7-cc4740d2023b', '40', '1980-05-26'),
('b8a42f9c-1b81-11ef-81b7-cc4740d2023b', '1', '2019-05-26'),
('b8a4305a-1b81-11ef-81b7-cc4740d2023b', '2', '2018-05-26'),
('b8a4310a-1b81-11ef-81b7-cc4740d2023b', '3', '2017-05-26'),
('b8a431c3-1b81-11ef-81b7-cc4740d2023b', '4', '2016-05-26'),
('b8a4328a-1b81-11ef-81b7-cc4740d2023b', '5', '2015-05-26'),
('b8a4333e-1b81-11ef-81b7-cc4740d2023b', '6', '2014-05-26'),
('b8a433f9-1b81-11ef-81b7-cc4740d2023b', '7', '2013-05-26'),
('b8a434b1-1b81-11ef-81b7-cc4740d2023b', '8', '2012-05-26'),
('b8a43578-1b81-11ef-81b7-cc4740d2023b', '9', '2011-05-26'),
('b8a4364e-1b81-11ef-81b7-cc4740d2023b', '10', '2010-05-26'),
('b8a4373a-1b81-11ef-81b7-cc4740d2023b', '11', '2009-05-26'),
('b8a43802-1b81-11ef-81b7-cc4740d2023b', '12', '2008-05-26'),
('b8a438ec-1b81-11ef-81b7-cc4740d2023b', '13', '2007-05-26'),
('b8a439a7-1b81-11ef-81b7-cc4740d2023b', '14', '2006-05-26'),
('b8a43a5f-1b81-11ef-81b7-cc4740d2023b', '15', '2005-05-26'),
('b8a43b26-1b81-11ef-81b7-cc4740d2023b', '16', '2004-05-26'),
('b8a43be7-1b81-11ef-81b7-cc4740d2023b', '17', '2003-05-26'),
('b8a43c98-1b81-11ef-81b7-cc4740d2023b', '18', '2002-05-26'),
('b8a43d40-1b81-11ef-81b7-cc4740d2023b', '19', '2001-05-26'),
('b8a43dfe-1b81-11ef-81b7-cc4740d2023b', '20', '2000-05-26'),
('b8a43f10-1b81-11ef-81b7-cc4740d2023b', '21', '1999-05-26'),
('b8a43f99-1b81-11ef-81b7-cc4740d2023b', '22', '1998-05-26'),
('b8a4401c-1b81-11ef-81b7-cc4740d2023b', '23', '1997-05-26'),
('b8a44098-1b81-11ef-81b7-cc4740d2023b', '24', '1996-05-26'),
('b8a4411d-1b81-11ef-81b7-cc4740d2023b', '25', '1995-05-26'),
('b8a441f0-1b81-11ef-81b7-cc4740d2023b', '26', '1994-05-26'),
('b8a442cf-1b81-11ef-81b7-cc4740d2023b', '27', '1993-05-26'),
('b8a4434b-1b81-11ef-81b7-cc4740d2023b', '28', '1992-05-26'),
('b8a443c8-1b81-11ef-81b7-cc4740d2023b', '29', '1991-05-26'),
('b8a44441-1b81-11ef-81b7-cc4740d2023b', '30', '1990-05-26'),
('b8a444b8-1b81-11ef-81b7-cc4740d2023b', '31', '1989-05-26'),
('b8a44537-1b81-11ef-81b7-cc4740d2023b', '32', '1988-05-26'),
('b8a445b7-1b81-11ef-81b7-cc4740d2023b', '33', '1987-05-26'),
('b8a44630-1b81-11ef-81b7-cc4740d2023b', '34', '1986-05-26'),
('b8a446c5-1b81-11ef-81b7-cc4740d2023b', '35', '1985-05-26'),
('b8a44741-1b81-11ef-81b7-cc4740d2023b', '36', '1984-05-26'),
('b8a447bf-1b81-11ef-81b7-cc4740d2023b', '37', '1983-05-26'),
('b8a44839-1b81-11ef-81b7-cc4740d2023b', '38', '1982-05-26'),
('b8a448b1-1b81-11ef-81b7-cc4740d2023b', '39', '1981-05-26'),
('b8a44929-1b81-11ef-81b7-cc4740d2023b', '40', '1980-05-26');

INSERT INTO users (user_id, email, username, password, role, validation_code, recovery_code, first_name, last_name, first_surname, last_surname, created_at, updated_at, is_active)
VALUES
('dcd7f176-22f2-4f70-8f82-98d412f9c659', 'john.doe1@example.com', 'johndoe1', 'Aa123123.', 'patient', '', '', 'John', '', 'Smith', '', NOW(), NOW(), TRUE),
('5ee4f0ae-5247-4a2c-97db-74c39b4e67a2', 'jane.doe2@example.com', 'janedoe2', 'Aa123123.', 'patient', '', '', 'Jane', '', 'Johnson', '', NOW(), NOW(), TRUE),
('0c370e5a-8b5c-4e3b-b744-6c715062e04b', 'alice.jones3@example.com', 'alicejones3', 'Aa123123.', 'patient', '', '', 'Alice', '', 'Brown', '', NOW(), NOW(), TRUE),
('f6fe09bc-4788-45c0-bfa1-d43f2f8ef8d8', 'bob.smith4@example.com', 'bobsmith4', 'Aa123123.', 'patient', '', '', 'Bob', '', 'Miller', '', NOW(), NOW(), TRUE),
('9776cf8b-24c2-4b51-a1d6-1b08a3b43a49', 'carol.white5@example.com', 'carolwhite5', 'Aa123123.', 'patient', '', '', 'Carol', '', 'Martinez', '', NOW(), NOW(), TRUE),
('8b1446d6-ef16-429e-a5ab-62c3fb66b5b4', 'david.brown6@example.com', 'davidbrown6', 'Aa123123.', 'patient', '', '', 'David', '', 'Hernandez', '', NOW(), NOW(), TRUE),
('ac5bc8fc-34cf-4f35-b6c8-eeecbf8cb830', 'emma.thompson7@example.com', 'emmathompson7', 'Aa123123.', 'patient', '', '', 'Emmamm', '', 'Gonzalez', '', NOW(), NOW(), TRUE),
('6f9e4bf7-3be3-42cb-8a3b-0a7a9f7801a0', 'frank.martin8@example.com', 'frankmartin8', 'Aa123123.', 'patient', '', '', 'Frank', '', 'Anderson', '', NOW(), NOW(), TRUE),
('66a1b95c-9b51-4b3f-97df-31c1c0767b02', 'grace.hall9@example.com', 'gracehall9', 'Aa123123.', 'patient', '', '', 'Grace', '', 'Taylor', '', NOW(), NOW(), TRUE),
('4c99e7ae-0375-4ee4-80e8-c794c65ec8f6', 'henry.green10@example.com', 'henrygreen10', 'Aa123123.', 'patient', '', '', 'Henry', '', 'Jackson', '', NOW(), NOW(), TRUE),
('f5fc48e7-f8aa-479d-a51f-6c62a098a485', 'irene.king11@example.com', 'ireneking11', 'Aa123123.', 'patient', '', '', 'Irene', '', 'Lee', '', NOW(), NOW(), TRUE),
('41b697fc-58b8-4d1a-9a4c-48cf647b5bfa', 'jack.adams12@example.com', 'jackadams12', 'Aa123123.', 'patient', '', '', 'Jack', '', 'Harris', '', NOW(), NOW(), TRUE),
('47a905b8-fb76-454f-82c8-bd96e2f1e494', 'kate.wright13@example.com', 'katewright13', 'Aa123123.', 'patient', '', '', 'Kate', '', 'Young', '', NOW(), NOW(), TRUE),
('16b3f8e6-2f9c-46d8-98a0-428d0b9f9816', 'liam.scott14@example.com', 'liamscott14', 'Aa123123.', 'patient', '', '', 'Liam', '', 'Walker', '', NOW(), NOW(), TRUE),
('d23362dd-b5e8-4e77-8576-1c88ad2a5f96', 'mia.mitchell15@example.com', 'miamitchell15', 'Aa123123.', 'patient', '', '', 'Mia', '', 'Allen', '', NOW(), NOW(), TRUE),
('7418f97d-19f2-4490-bb19-77f08a442bcd', 'noah.carter16@example.com', 'noahcarter16', 'Aa123123.', 'patient', '', '', 'Noah', '', 'Wright', '', NOW(), NOW(), TRUE),
('799e1be0-1df7-4f85-bd26-b1fc2ee9014a', 'olivia.phillips17@example.com', 'oliviaphillips17', 'Aa123123.', 'patient', '', '', 'Olivia', '', 'Torres', '', NOW(), NOW(), TRUE),
('4f7b227b-0b33-4f70-afcb-39f03dbb1061', 'paul.anderson18@example.com', 'paulanderson18', 'Aa123123.', 'patient', '', '', 'Paul', '', 'Hill', '', NOW(), NOW(), TRUE),
('7e5895a7-27a7-4d95-a22a-97f8b12fc6f7', 'quinn.lewis19@example.com', 'quinnlewis19', 'Aa123123.', 'patient', '', '', 'Quinn', '', 'Carter', '', NOW(), NOW(), TRUE),
('74a7f65d-9ba3-47b5-a381-ebc55c0183f8', 'rachel.clark20@example.com', 'rachelclark20', 'Aa123123.', 'patient', '', '', 'Rachel', '', 'Perez', '', NOW(), NOW(), TRUE),
('31b6e302-cc65-458f-9ff6-bc51f73c9b46', 'samuel.ramirez21@example.com', 'samuelramirez21', 'Aa123123.', 'patient', '', '', 'Samuel', '', 'Watson', '', NOW(), NOW(), TRUE),
('eee663b4-f98b-4d06-88b1-99e860378f2b', 'tina.kelly22@example.com', 'tinakelly22', 'Aa123123.', 'patient', '', '', 'Tina', '', 'Brooks', '', NOW(), NOW(), TRUE),
('7507a4d2-90e8-4f97-a2ee-12f4d5e7d004', 'ursula.murphy23@example.com', 'ursulamurphy23', 'Aa123123.', 'patient', '', '', 'Ursula', '', 'Sanders', '', NOW(), NOW(), TRUE),
('c462e89d-1e6a-4b32-8e43-2829fc8fc25e', 'victor.bailey24@example.com', 'victorbailey24', 'Aa123123.', 'patient', '', '', 'Victor', '', 'Price', '', NOW(), NOW(), TRUE),
('e961d7bc-b6e3-4ad0-a31a-9d3b3b374f44', 'wendy.hall25@example.com', 'wendyhall25', 'Aa123123.', 'patient', '', '', 'Wendy', '', 'Adams', '', NOW(), NOW(), TRUE),
('a06a00ae-f1c5-4620-8e36-0b94cb9cfb6e', 'xavier.king26@example.com', 'xavierking26', 'Aa123123.', 'patient', '', '', 'Xavier', '', 'Mitchell', '', NOW(), NOW(), TRUE),
('2a1f3a4b-07b5-4e25-b2b8-d268b8bb4e1b', 'yasmin.lee27@example.com', 'yasminlee27', 'Aa123123.', 'patient', '', '', 'Yasmin', '', 'Roberts', '', NOW(), NOW(), TRUE),
('26b3a3e8-0329-45e0-93d7-f58d7e68a5ec', 'zachary.scott28@example.com', 'zacharyscott28', 'Aa123123.', 'patient', '', '', 'Zachary', '', 'Reed', '', NOW(), NOW(), TRUE),
('89326156-2a19-4c89-9da5-204d1946a4ae', 'amber.jones29@example.com', 'amberjones29', 'Aa123123.', 'patient', '', '', 'Amber', '', 'Green', '', NOW(), NOW(), TRUE),
('42de3e14-5940-4e94-8777-b5287b8a11df', 'blake.martin30@example.com', 'blakemartin30', 'Aa123123.', 'patient', '', '', 'Blake', '', 'Clark', '', NOW(), NOW(), TRUE);

INSERT INTO consultations (
  consultation_id,
  user_id,
  doctor_id,
  title,
  description,
  file,
  discipline_id,
  severity
  ) VALUES
('6f0c31d9-6b89-4dcb-b1b4-2d7b12f9738b', '16b3f8e6-2f9c-46d8-98a0-428d0b9f9816','b8a41118-1b81-11ef-81b7-cc4740d2023b', 'Resfriado común', 'Congestión nasal, estornudos y malestar general.', NULL, 1, 'MEDIA'),
('d08a17ee-56ff-4c97-9646-9442b4ee55b5', '2a1f3a4b-07b5-4e25-b2b8-d268b8bb4e1b','b8a41599-1b81-11ef-81b7-cc4740d2023b', 'Diagnóstico de cáncer', 'Detección y evaluación de tumores malignos.', NULL, 2, 'ALTA'),
('7f4fe4a2-2f94-4095-84ae-7f69d3a3e44b', '41b697fc-58b8-4d1a-9a4c-48cf647b5bfa','b8a4172d-1b81-11ef-81b7-cc4740d2023b', 'Manejo del dolor postoperatorio', 'Estrategias para aliviar molestias después de una cirugía.', NULL, 3, 'BAJA'),
('8043a892-08e5-4fe5-9d2d-0b12ef2c273d', '47a905b8-fb76-454f-82c8-bd96e2f1e494','b8a417c3-1b81-11ef-81b7-cc4740d2023b', 'Perfil lipídico', 'Medición de niveles de colesterol y grasas en sangre.', NULL, 4, 'ALTA'),
('9de5b95a-c048-4f65-9a9e-034e4b18a5b3', '4f7b227b-0b33-4f70-afcb-39f03dbb1061','b8a41860-1b81-11ef-81b7-cc4740d2023b', 'Dolor en el pecho', 'Mareos, visión borrosa y dolor de cabeza.', NULL, 5, 'MEDIA'),
('90dfc570-13a3-4b38-94cc-eb52452a4a57', '66a1b95c-9b51-4b3f-97df-31c1c0767b02','b8a418e7-1b81-11ef-81b7-cc4740d2023b', 'Implante de marcapasos', 'Falta de aliento y dolor en el pecho.', NULL, 6, 'ALTA'),
('e62fa84c-8b97-41f3-bc22-fa36bdaa0623', '7418f97d-19f2-4490-bb19-77f08a442bcd','b8a41961-1b81-11ef-81b7-cc4740d2023b', 'Hernia abdominal', 'Dolor abdominal intenso y fiebre.', NULL, 7, 'BAJA'),
('a5b3da4f-0c3c-4556-b6a0-fb7f370c4b0e', '7507a4d2-90e8-4f97-a2ee-12f4d5e7d004','b8a41a31-1b81-11ef-81b7-cc4740d2023b', 'Rejuvenecimiento facial', 'Problemas respiratorios y alteraciones estéticas en la nariz.', NULL, 8, 'MEDIA'),
('4fb26997-3e2b-4ac4-a7a6-6af4a35f2f51', '7e5895a7-27a7-4d95-a22a-97f8b12fc6f7','b8a41ab2-1b81-11ef-81b7-cc4740d2023b', 'Dermatitis atópica', 'Puntos negros, granos y piel grasa.', NULL, 9, 'ALTA'),
('0e01e8a6-2dab-40e5-810e-ff2e5cb9bf3a', '8b1446d6-ef16-429e-a5ab-62c3fb66b5b4','b8a41b2b-1b81-11ef-81b7-cc4740d2023b', 'Tiroides hipoactiva', 'Sed excesiva, micción frecuente y cansancio.', NULL, 10, 'MEDIA'),
('13c32c7e-43ae-4be9-b16d-91cb590ff3de', 'a06a00ae-f1c5-4620-8e36-0b94cb9cfb6e','b8a41ba3-1b81-11ef-81b7-cc4740d2023b', 'Interacciones medicamentosas', 'Náuseas, mareos y erupciones cutáneas.', NULL, 11, 'ALTA'),
('0c62479a-7e4a-499e-8056-826e3707a29a', 'c462e89d-1e6a-4b32-8e43-2829fc8fc25e','b8a41c1a-1b81-11ef-81b7-cc4740d2023b', 'Tratamiento del dolor de espalda', 'Rigidez, dolor punzante y dificultad para moverse.', NULL, 12, 'BAJA'),
('92c7a61b-51cb-451e-b686-6d4757b31cb3', 'dcd7f176-22f2-4f70-8f82-98d412f9c659','b8a41cae-1b81-11ef-81b7-cc4740d2023b', 'Enfermedad inflamatoria intestinal', 'Dolor abdominal, diarrea y pérdida de peso.', NULL, 13, 'MEDIA'),
('dca3c08e-7582-43d5-b8c0-2ad58bcf015f', 'eee663b4-f98b-4d06-88b1-99e860378f2b','b8a41e1a-1b81-11ef-81b7-cc4740d2023b', 'Pruebas de detección de enfermedades genéticas', 'Análisis para detectar predisposición a enfermedades hereditarias.', NULL, 14, 'BAJA'),
('9c8b8e3c-1b0f-4c50-b3ac-6c7b217cb0ab', 'f6fe09bc-4788-45c0-bfa1-d43f2f8ef8d8','b8a41f17-1b81-11ef-81b7-cc4740d2023b', 'Examen de Papanicolaou', 'Sangrado vaginal anormal y dolor pélvico.', NULL, 15, 'MEDIA'),
('2c23f4c8-3d77-42ac-8f8c-4e611c9f3198', '16b3f8e6-2f9c-46d8-98a0-428d0b9f9816','b8a41f96-1b81-11ef-81b7-cc4740d2023b', 'Trastornos de la coagulación', 'Hematomas espontáneos, sangrado prolongado.', NULL, 16, 'ALTA'),
('8592f29e-6fc2-4df0-947a-6f6a57e4f17f', '2a1f3a4b-07b5-4e25-b2b8-d268b8bb4e1b','b8a4202f-1b81-11ef-81b7-cc4740d2023b', 'Gripe', 'Fiebre alta, dolor de garganta y congestión nasal.', NULL, 17, 'MEDIA'),
('4e537d9f-0215-4905-8362-518d3d78f32d', '41b697fc-58b8-4d1a-9a4c-48cf647b5bfa','b8a420d6-1b81-11ef-81b7-cc4740d2023b', 'Planificación del entrenamiento', 'Fatiga muscular, falta de resistencia y dificultad para realizar ejercicio.', NULL, 18, 'ALTA'),
('d129306f-4504-4f84-9e2f-32c107b20c3d', '47a905b8-fb76-454f-82c8-bd96e2f1e494','b8a42178-1b81-11ef-81b7-cc4740d2023b', 'Consejos de salud', 'Orientación sobre hábitos de vida saludables y prevención de enfermedades.', NULL, 19, 'BAJA'),
('27a6768c-5043-466a-9c64-c9f330decb11', '4f7b227b-0b33-4f70-afcb-39f03dbb1061','b8a42219-1b81-11ef-81b7-cc4740d2023b', 'Diabetes tipo 1', 'Sed intensa, visión borrosa y pérdida de peso inexplicable.', NULL, 20, 'MEDIA'),
('66c7d1c4-f82d-4f70-aeff-681ba18471f2', '66a1b95c-9b51-4b3f-97df-31c1c0767b02','b8a42374-1b81-11ef-81b7-cc4740d2023b', 'Identificación de patógenos', 'Necesito ayuda con patógenos extraños.', NULL, 21, 'ALTA'),
('f214df70-d4cd-4e59-9a16-8b1c17f77a70', '7418f97d-19f2-4490-bb19-77f08a442bcd','b8a42417-1b81-11ef-81b7-cc4740d2023b', 'Insuficiencia renal crónica', 'Dolor en los riñones y falta de apetito.', NULL, 22, 'MEDIA'),
('3d31e47c-3c13-4219-8e2e-7d96bb6b8927', '7507a4d2-90e8-4f97-a2ee-12f4d5e7d004','b8a424ca-1b81-11ef-81b7-cc4740d2023b', 'Neumonía', 'Fuerte dolor en el pecho, sensación de asfixia.', NULL, 23, 'ALTA'),
('4182fd11-02de-41bb-b5eb-5fb110615ab7', '7e5895a7-27a7-4d95-a22a-97f8b12fc6f7','b8a42573-1b81-11ef-81b7-cc4740d2023b', 'Tumor cerebral', 'Necesito segunda opinión de mi tumor', NULL, 24, 'BAJA'),
('34c1670f-14e2-4da1-9769-8fb25d93b5e8', '8b1446d6-ef16-429e-a5ab-62c3fb66b5b4','b8a425f1-1b81-11ef-81b7-cc4740d2023b', 'Enfermedad de Alzheimer', 'Empiezo a no reconocer a mis familiares.', NULL, 25, 'ALTA'),
('7bbf4070-6b4e-4a28-b2b0-c8e8ed1ad892', 'a06a00ae-f1c5-4620-8e36-0b94cb9cfb6e','b8a42686-1b81-11ef-81b7-cc4740d2023b', 'Planificación de la dieta', 'Me gustaría una opinión profesional de mi dieta.', NULL, 26, 'MEDIA'),
('e3b4d8b0-0d58-4701-8d84-4d3c1ab8ed92', 'c462e89d-1e6a-4b32-8e43-2829fc8fc25e','b8a426fe-1b81-11ef-81b7-cc4740d2023b', 'Ecografía fetal', 'Evolución de mi hijo, tiene 16 semanas de gestación.', NULL, 27, 'ALTA'),
('9e8fb74d-7bc1-41ec-9f0e-77e785df8cf8', 'dcd7f176-22f2-4f70-8f82-98d412f9c659','b8a4277b-1b81-11ef-81b7-cc4740d2023b', 'Conjuntivitis', 'Me pica el ojo y no puedo abrirlo.', NULL, 28, 'BAJA'),
('9f7d3ff1-8f3a-4d9e-b4e4-24f9b0d6a99f', 'eee663b4-f98b-4d06-88b1-99e860378f2b','b8a427f5-1b81-11ef-81b7-cc4740d2023b', 'Evaluación de tumores', 'Solicito opinión profesional sobre unos tumores en la espalda.', NULL, 29, 'ALTA'),
('2ee7e64b-93f0-439e-8b3e-6c6668211080', 'f6fe09bc-4788-45c0-bfa1-d43f2f8ef8d8','b8a42873-1b81-11ef-81b7-cc4740d2023b', 'Artritis', 'No puedo mover los brazos, a la mínima me duele.', NULL, 30, 'MEDIA'),
('f3d05d2c-9c46-49db-aa0f-f14de5e16549', '5ee4f0ae-5247-4a2c-97db-74c39b4e67a2','b8a428f2-1b81-11ef-81b7-cc4740d2023b', 'Ronquidos', 'Son tan fuertes que no puedo dormir yo mismo.', NULL, 31, 'ALTA'),
('c9f19202-f4a4-42c8-897a-16b5f5aa5c84', '66a1b95c-9b51-4b3f-97df-31c1c0767b02','b8a4296a-1b81-11ef-81b7-cc4740d2023b', 'Evaluación de biopsias', 'Solicito opinión de los resultados médicos.', NULL, 32, 'ALTA'),
('4b67293b-09de-47c2-b65c-1d7e309c2b1f', '7418f97d-19f2-4490-bb19-77f08a442bcd','b8a429ef-1b81-11ef-81b7-cc4740d2023b', 'Vacunación infantil', 'Siento que no debería vacunar a mi hijo, ¿podríamos hablar?', NULL, 33, 'MEDIA'),
('60cfa6bb-8338-46d2-a622-5bb8b0dc636f', '7507a4d2-90e8-4f97-a2ee-12f4d5e7d004','b8a42a64-1b81-11ef-81b7-cc4740d2023b', 'Depresión', 'No siento ganas de despertarme por la mañana.', NULL, 34, 'ALTA'),
('a99bdf7b-295f-4e82-8085-0252d934bf58', '7e5895a7-27a7-4d95-a22a-97f8b12fc6f7','b8a42b30-1b81-11ef-81b7-cc4740d2023b', 'Radiografía de tórax', 'Rotura del ligamento cruzado torácico.', NULL, 35, 'BAJA'),
('4e8cd10a-6a90-4a0d-b367-c2c7bf1e6be3', '8b1446d6-ef16-429e-a5ab-62c3fb66b5b4','b8a42bc3-1b81-11ef-81b7-cc4740d2023b', 'Artritis reumatoide', 'Por la edad, estoy quedándome oxidad@, no puedo moverme.', NULL, 36, 'ALTA'),
('360c7c5c-e3d6-4d10-a98e-7a31b7f63d47', 'a06a00ae-f1c5-4620-8e36-0b94cb9cfb6e','b8a42c4a-1b81-11ef-81b7-cc4740d2023b', 'Soporte vital', 'Solicito opinión al respecto de mi salud.', NULL, 37, 'BAJA'),
('b79a8589-868f-418e-9cd7-39895c15a5e8', 'c462e89d-1e6a-4b32-8e43-2829fc8fc25e','b8a42cdf-1b81-11ef-81b7-cc4740d2023b', 'Rehabilitación accidente cerebrovascular', 'Aún no puedo mover la mitad del cuerpo.', NULL, 38, 'ALTA'),
('229c9b59-8974-4872-b5d6-392d3b8776ae', 'dcd7f176-22f2-4f70-8f82-98d412f9c659','b8a42d6e-1b81-11ef-81b7-cc4740d2023b', 'Fractura de cadera', 'Me duele bastante la cadera izquierda.', NULL, 39, 'MEDIA'),
('4b90698d-1b97-4a67-ba82-28e1f6b56a7f', 'eee663b4-f98b-4d06-88b1-99e860378f2b','b8a42e8b-1b81-11ef-81b7-cc4740d2023b', 'Infección del tracto urinario', 'Me pica por dentro. Solicito antifúngicos.', NULL, 40, 'BAJA'),
('4c88ad58-d5a5-4566-ba51-58d8ed51a39f', '0c370e5a-8b5c-4e3b-b744-6c715062e04b','b8a42f9c-1b81-11ef-81b7-cc4740d2023b', 'Fatiga crónica', 'Sensación persistente de cansancio extremo sin causa aparente.', NULL, 1, 'ALTA'),
('3eb6f9e5-cdc0-4a6f-8e07-d7779d0414d3', '26b3a3e8-0329-45e0-93d7-f58d7e68a5ec','b8a4305a-1b81-11ef-81b7-cc4740d2023b', 'Biopsia de tejido', 'Extracción de muestras para análisis ante sospecha de anomalías.', NULL, 2, 'MEDIA'),
('e7c0a917-0cc1-48af-b915-4b17c24f830a', '31b6e302-cc65-458f-9ff6-bc51f73c9b46','b8a4310a-1b81-11ef-81b7-cc4740d2023b', 'Preparación para cirugía', 'Indicaciones y preparativos previos a una intervención quirúrgica.', NULL, 3, 'ALTA'),
('f7df1aef-0e3d-45f8-b3c0-f53e6b7e791d', '42de3e14-5940-4e94-8777-b5287b8a11df','b8a431c3-1b81-11ef-81b7-cc4740d2023b', 'Pruebas de función hepática', 'Análisis para evaluar la salud del hígado.', NULL, 4, 'BAJA'),
('6dca0d7b-dc2b-4480-b62d-b1beedbd0cb2', '4c99e7ae-0375-4ee4-80e8-c794c65ec8f6','b8a4328a-1b81-11ef-81b7-cc4740d2023b', 'Presión arterial alta', 'Opresión, presión o malestar en la región torácica.', NULL, 5, 'ALTA'),
('b3e500d0-2a7c-49ef-8820-53f8370bfbab', '5ee4f0ae-5247-4a2c-97db-74c39b4e67a2','b8a4333e-1b81-11ef-81b7-cc4740d2023b', 'Cirugía de bypass coronario', 'Palpitaciones irregulares y desmayos frecuentes.', NULL, 6, 'MEDIA'),
('6eb012bb-6d90-459f-ae77-dbb34bc4ebc1', '6f9e4bf7-3be3-42cb-8a3b-0a7a9f7801a0','b8a433f9-1b81-11ef-81b7-cc4740d2023b', 'Extracción de apéndice', 'Protuberancia en el abdomen acompañada de dolor.', NULL, 7, 'ALTA'),
('0faa525b-0e51-4821-97ad-6e34ec2cb2c3', '74a7f65d-9ba3-47b5-a381-ebc55c0183f8','b8a434b1-1b81-11ef-81b7-cc4740d2023b', 'Rinoplastia', 'Arrugas, flacidez y manchas en la piel.', NULL, 8, 'BAJA'),
('8a86851d-926f-4a38-8f7b-f19a892bfc68', '799e1be0-1df7-4f85-bd26-b1fc2ee9014a','b8a43578-1b81-11ef-81b7-cc4740d2023b', 'Acné', 'Picor intenso, enrojecimiento y descamación de la piel.', NULL, 9, 'MEDIA'),
('fb11cf87-6153-41e1-aa68-882389f8e93f', '89326156-2a19-4c89-9da5-204d1946a4ae','b8a4364e-1b81-11ef-81b7-cc4740d2023b', 'Diabetes tipo 2', 'Fatiga, aumento de peso y sensibilidad al frío.', NULL, 10, 'ALTA'),
('43e1304b-3004-41c7-a686-ecb7aaf8f5b5', '9776cf8b-24c2-4b51-a1d6-1b08a3b43a49','b8a4373a-1b81-11ef-81b7-cc4740d2023b', 'Efectos secundarios de medicamentos', 'Cambios inesperados en la salud tras tomar medicamentos.', NULL, 11, 'MEDIA'),
('5d7ef3a6-d0ad-4f7f-b68f-54748c724548', 'ac5bc8fc-34cf-4f35-b6c8-eeecbf8cb830','b8a43802-1b81-11ef-81b7-cc4740d2023b', 'Rehabilitación de lesiones deportivas', 'Dolor de cabeza, visión borrosa y palpitaciones.', NULL, 12, 'ALTA'),
('d472e78d-8e95-448f-b7d3-120bf0134fd8', 'd23362dd-b5e8-4e77-8576-1c88ad2a5f96','b8a438ec-1b81-11ef-81b7-cc4740d2023b', 'Reflujo ácido', 'Evaluación general de la salud para detección precoz de enfermedades.', NULL, 13, 'BAJA'),
('dc9206a7-8ac9-4f2f-8cd0-d987040bae9e', 'e961d7bc-b6e3-4ad0-a31a-9d3b3b374f44','b8a439a7-1b81-11ef-81b7-cc4740d2023b', 'Asesoramiento genético preconcepcional', 'Dolor e inestabilidad en la rodilla.', NULL, 14, 'MEDIA'),
('5b10b9c7-2760-49cf-9f39-d1c09c1d5b4e', 'f5fc48e7-f8aa-479d-a51f-6c62a098a485','b8a43a5f-1b81-11ef-81b7-cc4740d2023b', 'Control de la natalidad', 'Dolor, inflamación y limitación de movimientos.', NULL, 15, 'BAJA'),
('a9e671f4-65ee-4c0c-8259-b22ee1ab7e0b', '0c370e5a-8b5c-4e3b-b744-6c715062e04b','b8a43b26-1b81-11ef-81b7-cc4740d2023b', 'Anemia', 'Ardor en el pecho, regurgitación y tos crónica.', NULL, 16, 'MEDIA'),
('c02fb012-1c18-4563-986b-004399c65dc9', '26b3a3e8-0329-45e0-93d7-f58d7e68a5ec','b8a43be7-1b81-11ef-81b7-cc4740d2023b', 'Infección del tracto urinario', 'Evaluación de riesgos hereditarios antes de la concepción.', NULL, 17, 'ALTA'),
('e0210b61-2b54-4c5d-92d0-70d5e1c4c30e', '31b6e302-cc65-458f-9ff6-bc51f73c9b46','b8a43c98-1b81-11ef-81b7-cc4740d2023b', 'Lesión del ligamento cruzado anterior', 'Irregularidades menstruales y cambios en el estado de ánimo.', NULL, 18, 'MEDIA'),
('c996cf85-6d57-4f8a-99c5-d91d22c81003', '42de3e14-5940-4e94-8777-b5287b8a11df','b8a43d40-1b81-11ef-81b7-cc4740d2023b', 'Chequeo anual', 'Fatiga extrema, palidez y dificultad para respirar.', NULL, 19, 'ALTA'),
('13d1774f-3d35-451b-98c1-bdbfe42c37bc', '4c99e7ae-0375-4ee4-80e8-c794c65ec8f6','b8a43dfe-1b81-11ef-81b7-cc4740d2023b', 'Hipertensión', 'Dolor al orinar, urgencia frecuente y orina turbia.', NULL, 20, 'BAJA'),
('5896a0a4-7a8b-4e86-9274-3657a7b5bbad', '5ee4f0ae-5247-4a2c-97db-74c39b4e67a2','b8a43f10-1b81-11ef-81b7-cc4740d2023b', 'Cultivo de muestras de sangre', 'Mi sangre es 0+', NULL, 21, 'MEDIA'),
('9e06e589-1f87-41db-8707-f027a9b7a165', '6f9e4bf7-3be3-42cb-8a3b-0a7a9f7801a0','b8a43f99-1b81-11ef-81b7-cc4740d2023b', 'Piedras en el riñón', 'Me duele mucho el riñón derecho.', NULL, 22, 'ALTA'),
('33cf9bf7-5b3b-4cf4-82a7-619e4d2b4873', '74a7f65d-9ba3-47b5-a381-ebc55c0183f8','b8a4401c-1b81-11ef-81b7-cc4740d2023b', 'Asma', 'No puedo respirar.', NULL, 23, 'MEDIA'),
('7b1fd666-c047-4c4a-8a8e-834d0015a9a7', '799e1be0-1df7-4f85-bd26-b1fc2ee9014a','b8a44098-1b81-11ef-81b7-cc4740d2023b', 'Tratamiento de hernia de disco', 'Estoy descompensado en la cadera.', NULL, 24, 'ALTA'),
('f95b97ac-d6e3-439d-bf02-fbae2c38b372', '89326156-2a19-4c89-9da5-204d1946a4ae','b8a4411d-1b81-11ef-81b7-cc4740d2023b', 'Migraña', 'No puedo dormir.', NULL, 25, 'BAJA'),
('4a8925f7-1632-4e9e-b5f8-8f5471bb6a3c', '9776cf8b-24c2-4b51-a1d6-1b08a3b43a49','b8a441f0-1b81-11ef-81b7-cc4740d2023b', 'Pérdida de peso', 'Estoy en los huesos, quiero aumentar mi grasa corporal.', NULL, 26, 'ALTA'),
('f020e2d4-0d74-4876-b810-1311ac72415d', 'ac5bc8fc-34cf-4f35-b6c8-eeecbf8cb830','b8a442cf-1b81-11ef-81b7-cc4740d2023b', 'Control prenatal', 'Necesito infromación al respecto', NULL, 27, 'MEDIA'),
('303c9fc0-e5a0-464f-b1e3-bb9e401b3147', 'd23362dd-b5e8-4e77-8576-1c88ad2a5f96','b8a4434b-1b81-11ef-81b7-cc4740d2023b', 'Prescripción de anteojos', 'Solicito para la ayuda de gafas del estado.', NULL, 28, 'ALTA'),
('dd5a56c8-063a-4d81-98ab-ebd4e8f7e34f', 'e961d7bc-b6e3-4ad0-a31a-9d3b3b374f44','b8a443c8-1b81-11ef-81b7-cc4740d2023b', 'Tratamiento de quimioterapia', 'No estoy seguro si hacermela, dicen que es dolorosa.', NULL, 29, 'BAJA'),
('fb77e7aa-ee2d-4953-afcf-8d11de504df3', 'f5fc48e7-f8aa-479d-a51f-6c62a098a485','b8a44441-1b81-11ef-81b7-cc4740d2023b', 'Fractura de hueso', 'Fue el pie izquierdo, está mal sanado.', NULL, 30, 'ALTA'),
('51831a8d-7238-4d5f-9d32-6930e0f27fc7', '4f7b227b-0b33-4f70-afcb-39f03dbb1061','b8a444b8-1b81-11ef-81b7-cc4740d2023b', 'Infección del oído', 'Me pica por dentro.', NULL, 31, 'MEDIA'),
('2f9fb2a6-1ee3-4d22-bfc2-28c71b547def', '6f9e4bf7-3be3-42cb-8a3b-0a7a9f7801a0','b8a44537-1b81-11ef-81b7-cc4740d2023b', 'Análisis de sangre', 'Soy AB+, quiero donar.', NULL, 32, 'MEDIA'),
('74447fe6-c1c2-4a2c-930e-b45d1d69cc9c', '74a7f65d-9ba3-47b5-a381-ebc55c0183f8','b8a445b7-1b81-11ef-81b7-cc4740d2023b', 'Fiebre en niños', 'Solicito información al respecto, mi hijo tiene fiebre alta.', NULL, 33, 'ALTA'),
('2d001b51-4c39-4ba1-ae49-29b1574c6f47', '799e1be0-1df7-4f85-bd26-b1fc2ee9014a','b8a44630-1b81-11ef-81b7-cc4740d2023b', 'Trastorno de ansiedad', 'Soy camarero en Gran Vía, 80 horas semanales.', NULL, 34, 'BAJA'),
('abd77316-50b8-4ec9-aac5-9cb570d88384', '89326156-2a19-4c89-9da5-204d1946a4ae','b8a446c5-1b81-11ef-81b7-cc4740d2023b', 'Resonancia magnética cerebral', 'Quiero una segunda opinión', NULL, 35, 'ALTA'),
('8a13b01f-5c0e-49a5-925a-09e1750de619', '9776cf8b-24c2-4b51-a1d6-1b08a3b43a49','b8a44741-1b81-11ef-81b7-cc4740d2023b', 'Fibromialgia', 'Cada músculo que muevo es un dolor horrible.', NULL, 36, 'BAJA'),
('0b05e8b2-4b39-4e50-8d80-66faa95ef8df', 'ac5bc8fc-34cf-4f35-b6c8-eeecbf8cb830','b8a447bf-1b81-11ef-81b7-cc4740d2023b', 'Monitoreo de signos vitales', 'Quiero monitorear a mi abuelo, ayuda.', NULL, 37, 'ALTA'),
('2c872b9d-5f7e-4900-93fb-d85f95da08c1', 'd23362dd-b5e8-4e77-8576-1c88ad2a5f96','b8a44839-1b81-11ef-81b7-cc4740d2023b', 'Adaptaciones en el lugar de trabajo', 'Siento que no soy aceptado por mi equipo.', NULL, 38, 'MEDIA'),
('8a4d791e-c54b-4a24-9874-45355c1b0e0f', 'e961d7bc-b6e3-4ad0-a31a-9d3b3b374f44','b8a448b1-1b81-11ef-81b7-cc4740d2023b', 'Lesión de ligamento', 'Soy futbolista, quiero una segunda opinión', NULL, 39, 'ALTA'),
('faae83f2-69a4-438e-b0cb-29c18021a6e6', 'f5fc48e7-f8aa-479d-a51f-6c62a098a485','b8a44929-1b81-11ef-81b7-cc4740d2023b', 'Cálculos renales', 'Duelen las piedras al excretarlas, sale mucha sangre.', NULL, 40, 'ALTA');


INSERT INTO responses (
  response_id,
  consultation_id,
  user_id,
  content
) VALUES
  ('fdf44f59-1c29-11ef-8d60-cc4740d2023b', '0b05e8b2-4b39-4e50-8d80-66faa95ef8df', '1d46d5af-1b81-11ef-81b7-cc4740d2023b', 'Monitorea presión arterial, frecuencia cardíaca, temperatura y oxígeno. Usa dispositivos automáticos y registra los datos. Consulta al médico si hay irregularidades.'),
  ('fdf4cf98-1c29-11ef-8d60-cc4740d2023b', '0c62479a-7e4a-499e-8056-826e3707a29a', '1d466b3f-1b81-11ef-81b7-cc4740d2023b', 'Aplicar calor, reposo y analgésicos. Consulta a un fisioterapeuta para ejercicios de estiramiento y fortalecimiento.'),
  ('fdf4deae-1c29-11ef-8d60-cc4740d2023b', '0e01e8a6-2dab-40e5-810e-ff2e5cb9bf3a', '1d4668ba-1b81-11ef-81b7-cc4740d2023b', 'Consulta para análisis de sangre y ajustar medicación. Mantén una dieta equilibrada y controla los niveles de azúcar.'),
  ('fdf4e1da-1c29-11ef-8d60-cc4740d2023b', '0faa525b-0e51-4821-97ad-6e34ec2cb2c3', '1d469fdf-1b81-11ef-81b7-cc4740d2023b', 'Consulta con un dermatólogo para tratamiento de arrugas, flacidez y manchas. Opciones incluyen cremas, láser y procedimientos no quirúrgicos.'),
  ('fdf4e738-1c29-11ef-8d60-cc4740d2023b', '0b05e8b2-4b39-4e50-8d80-66faa95ef8df', 'ac5bc8fc-34cf-4f35-b6c8-eeecbf8cb830', 'Gracias doctor, su ayuda es invaluable'),
  ('fdf4eb90-1c29-11ef-8d60-cc4740d2023b', '0c62479a-7e4a-499e-8056-826e3707a29a', 'c462e89d-1e6a-4b32-8e43-2829fc8fc25e', 'Agradezco mucho su opinión, doctor'),
  ('fdf4edcd-1c29-11ef-8d60-cc4740d2023b', '0e01e8a6-2dab-40e5-810e-ff2e5cb9bf3a', '8b1446d6-ef16-429e-a5ab-62c3fb66b5b4', 'Su ayuda me ha sido de gran valor'),
  ('fdf4f00d-1c29-11ef-8d60-cc4740d2023b', '0faa525b-0e51-4821-97ad-6e34ec2cb2c3', '74a7f65d-9ba3-47b5-a381-ebc55c0183f8', 'Gracias, doctor, me ayuda mucho'),
  ('fdf4f738-1c29-11ef-8d60-cc4740d2023b', '13c32c7e-43ae-4be9-b16d-91cb590ff3de', 'a06a00ae-f1c5-4620-8e36-0b94cb9cfb6e', 'Muy agradecido por su ayuda, doctor'),
  ('fdf4f982-1c29-11ef-8d60-cc4740d2023b', '13d1774f-3d35-451b-98c1-bdbfe42c37bc', '4c99e7ae-0375-4ee4-80e8-c794c65ec8f6', 'Gracias por su atención y ayuda'),
  ('fdf4fbf7-1c29-11ef-8d60-cc4740d2023b', '229c9b59-8974-4872-b5d6-392d3b8776ae', 'dcd7f176-22f2-4f70-8f82-98d412f9c659', 'Le agradezco mucho su ayuda, doctor'),
  ('fdf4fe28-1c29-11ef-8d60-cc4740d2023b', '27a6768c-5043-466a-9c64-c9f330decb11', '4f7b227b-0b33-4f70-afcb-39f03dbb1061', 'Su opinión es de gran ayuda, gracias'),
  ('fdf50028-1c29-11ef-8d60-cc4740d2023b', '2c23f4c8-3d77-42ac-8f8c-4e611c9f3198', '16b3f8e6-2f9c-46d8-98a0-428d0b9f9816', 'Muchas gracias, doctor, por su ayuda'),
  ('fdf501fc-1c29-11ef-8d60-cc4740d2023b', '2c872b9d-5f7e-4900-93fb-d85f95da08c1', 'd23362dd-b5e8-4e77-8576-1c88ad2a5f96', 'Gracias por la ayuda, doctor');

INSERT INTO ratings (rating_id,
response_id,
user_id,
rating_value
) VALUES
('8289aabd-1c2a-11ef-8d60-cc4740d2023b','fdf44f59-1c29-11ef-8d60-cc4740d2023b','ac5bc8fc-34cf-4f35-b6c8-eeecbf8cb830', 4),
('8289b841-1c2a-11ef-8d60-cc4740d2023b','fdf4cf98-1c29-11ef-8d60-cc4740d2023b','c462e89d-1e6a-4b32-8e43-2829fc8fc25e', 5),
('8289ba58-1c2a-11ef-8d60-cc4740d2023b','fdf4deae-1c29-11ef-8d60-cc4740d2023b','8b1446d6-ef16-429e-a5ab-62c3fb66b5b4', 4),
('8289bb91-1c2a-11ef-8d60-cc4740d2023b','fdf4e1da-1c29-11ef-8d60-cc4740d2023b','74a7f65d-9ba3-47b5-a381-ebc55c0183f8', 3);